{"cameraMode":{"drawMode":0,"name":"Shaded","section":"Shading Mode"},"sceneLighting":false,"audioPlay":false,"sceneViewState":{"m_AlwaysRefresh":false,"showFog":true,"showSkybox":false,"showFlares":true,"showImageEffects":true,"showParticleSystems":true,"showVisualEffectGraphs":true,"m_FxEnabled":true},"in2DMode":false,"pivot":{"x":0.12694001197814942,"y":0.4717000126838684,"z":-0.14295002818107606},"rotation":{"x":-0.027846984565258027,"y":0.6791130900382996,"z":-0.05224190652370453,"w":-0.7337439060211182},"size":0.07633756846189499,"orthographic":false}