{"cameraMode":{"drawMode":0,"name":"Shaded","section":"Shading Mode"},"sceneLighting":false,"audioPlay":false,"sceneViewState":{"m_AlwaysRefresh":false,"showFog":true,"showSkybox":false,"showFlares":true,"showImageEffects":true,"showParticleSystems":true,"showVisualEffectGraphs":true,"m_FxEnabled":true},"in2DMode":false,"pivot":{"x":0.12694001197814942,"y":0.4717000126838684,"z":-0.14295001327991486},"rotation":{"x":-0.20236092805862428,"y":0.6690225005149841,"z":-0.22886045277118684,"w":-0.6798239350318909},"size":0.12194040417671204,"orthographic":false}