{"cameraMode":{"drawMode":0,"name":"Shaded","section":"Shading Mode"},"sceneLighting":false,"audioPlay":false,"sceneViewState":{"m_AlwaysRefresh":false,"showFog":true,"showSkybox":false,"showFlares":true,"showImageEffects":true,"showParticleSystems":true,"showVisualEffectGraphs":true,"m_FxEnabled":true},"in2DMode":false,"pivot":{"x":-0.14298716187477113,"y":0.22990211844444276,"z":0.057850420475006106},"rotation":{"x":-0.020106712356209756,"y":-0.975461483001709,"z":0.06808461248874664,"w":-0.21192169189453126},"size":0.4704497456550598,"orthographic":false}