{"cameraMode":{"drawMode":0,"name":"Shaded","section":"Shading Mode"},"sceneLighting":false,"audioPlay":false,"sceneViewState":{"m_AlwaysRefresh":false,"showFog":true,"showSkybox":false,"showFlares":true,"showImageEffects":true,"showParticleSystems":true,"showVisualEffectGraphs":true,"m_FxEnabled":true},"in2DMode":false,"pivot":{"x":-4.972039222717285,"y":1.2423794269561768,"z":-0.8963003158569336},"rotation":{"x":0.02432689070701599,"y":-0.5597628355026245,"z":0.034332938492298129,"w":0.8291865587234497},"size":0.3788578510284424,"orthographic":false}