{"cameraMode":{"drawMode":0,"name":"Shaded","section":"Shading Mode"},"sceneLighting":false,"audioPlay":false,"sceneViewState":{"m_AlwaysRefresh":false,"showFog":true,"showSkybox":false,"showFlares":true,"showImageEffects":true,"showParticleSystems":true,"showVisualEffectGraphs":true,"m_FxEnabled":true},"in2DMode":false,"pivot":{"x":2.3283064365386965e-10,"y":0.0014600000577047468,"z":-3.4924596548080446e-10},"rotation":{"x":0.2617188096046448,"y":-0.7302531003952026,"z":0.44661858677864077,"w":0.4485374689102173},"size":0.0027235746383666994,"orthographic":false}