{"cameraMode":{"drawMode":0,"name":"Shaded","section":"Shading Mode"},"sceneLighting":true,"audioPlay":false,"sceneViewState":{"m_AlwaysRefresh":false,"showFog":true,"showSkybox":false,"showFlares":true,"showImageEffects":true,"showParticleSystems":true,"showVisualEffectGraphs":true,"m_FxEnabled":true},"in2DMode":false,"pivot":{"x":0.6200001239776611,"y":2.303500175476074,"z":-1.4797024726867676},"rotation":{"x":0.048600584268569949,"y":-0.6346076130867004,"z":0.04769188538193703,"w":0.7711568474769592},"size":-0.3490920662879944,"orthographic":false}