{"cameraMode":{"drawMode":0,"name":"Shaded","section":"Shading Mode"},"sceneLighting":false,"audioPlay":false,"sceneViewState":{"m_AlwaysRefresh":false,"showFog":true,"showSkybox":false,"showFlares":true,"showImageEffects":true,"showParticleSystems":true,"showVisualEffectGraphs":true,"m_FxEnabled":true},"in2DMode":false,"pivot":{"x":-1.4511477947235108,"y":0.19119776785373689,"z":-0.028845272958278657},"rotation":{"x":0.024364536628127099,"y":-0.9592222571372986,"z":0.26178428530693056,"w":0.11007248610258103},"size":0.26474007964134219,"orthographic":false}