{"cameraMode":{"drawMode":0,"name":"Shaded","section":"Shading Mode"},"sceneLighting":true,"audioPlay":false,"sceneViewState":{"m_AlwaysRefresh":false,"showFog":true,"showSkybox":true,"showFlares":true,"showImageEffects":true,"showParticleSystems":true,"showVisualEffectGraphs":true,"m_FxEnabled":true},"in2DMode":false,"pivot":{"x":-5.122480392456055,"y":1.0471436977386475,"z":1.2860437631607056},"rotation":{"x":-0.10050186514854431,"y":0.6814843416213989,"z":-0.13126029074192048,"w":-0.7151748538017273},"size":1.2071540355682374,"orthographic":false}