{"cameraMode":{"drawMode":0,"name":"Shaded","section":"Shading Mode"},"sceneLighting":true,"audioPlay":false,"sceneViewState":{"m_AlwaysRefresh":false,"showFog":true,"showSkybox":true,"showFlares":true,"showImageEffects":true,"showParticleSystems":true,"showVisualEffectGraphs":true,"m_FxEnabled":true},"in2DMode":false,"pivot":{"x":2.432739496231079,"y":0.43095552921295168,"z":0.4112638235092163},"rotation":{"x":0.037609685212373736,"y":-0.6361965537071228,"z":-0.03405345603823662,"w":-0.770304799079895},"size":1.1449391841888428,"orthographic":false}