{"cameraMode":{"drawMode":0,"name":"Shaded","section":"Shading Mode"},"sceneLighting":true,"audioPlay":false,"sceneViewState":{"m_AlwaysRefresh":false,"showFog":true,"showSkybox":true,"showFlares":true,"showImageEffects":true,"showParticleSystems":true,"showVisualEffectGraphs":true,"m_FxEnabled":true},"in2DMode":false,"pivot":{"x":-4.410121440887451,"y":1.5544060468673707,"z":-1.076389193534851},"rotation":{"x":0.004277907311916351,"y":0.7987169623374939,"z":-0.03575978800654411,"w":-0.6033169627189636},"size":0.7821305394172669,"orthographic":false}