{"cameraMode":{"drawMode":0,"name":"Shaded","section":"Shading Mode"},"sceneLighting":true,"audioPlay":false,"sceneViewState":{"m_AlwaysRefresh":false,"showFog":true,"showSkybox":true,"showFlares":true,"showImageEffects":true,"showParticleSystems":true,"showVisualEffectGraphs":true,"m_FxEnabled":true},"in2DMode":false,"pivot":{"x":-4.404797554016113,"y":1.1960049867630005,"z":-0.27910518646240237},"rotation":{"x":0.17747434973716737,"y":-0.6524789929389954,"z":0.13224828243255616,"w":0.728813111782074},"size":1.5885756015777588,"orthographic":false}