{"cameraMode":{"drawMode":0,"name":"Shaded","section":"Shading Mode"},"sceneLighting":true,"audioPlay":false,"sceneViewState":{"m_AlwaysRefresh":false,"showFog":true,"showSkybox":true,"showFlares":true,"showImageEffects":true,"showParticleSystems":true,"showVisualEffectGraphs":true,"m_FxEnabled":true},"in2DMode":false,"pivot":{"x":-5.6330718994140629,"y":0.9856603145599365,"z":2.6454341411590578},"rotation":{"x":-0.08336211740970612,"y":0.6601584553718567,"z":-0.10060904175043106,"w":-0.7417492270469666},"size":1.061795711517334,"orthographic":false}