{"cameraMode":{"drawMode":0,"name":"Shaded","section":"Shading Mode"},"sceneLighting":true,"audioPlay":false,"sceneViewState":{"m_AlwaysRefresh":false,"showFog":true,"showSkybox":true,"showFlares":true,"showImageEffects":true,"showParticleSystems":true,"showVisualEffectGraphs":true,"m_FxEnabled":true},"in2DMode":false,"pivot":{"x":-5.207504749298096,"y":1.4801981449127198,"z":-0.5446830987930298},"rotation":{"x":0.03418906033039093,"y":-0.5907419323921204,"z":0.053067076951265338,"w":0.8064756393432617},"size":1.2437878847122193,"orthographic":false}