{"cameraMode":{"drawMode":0,"name":"Shaded","section":"Shading Mode"},"sceneLighting":true,"audioPlay":false,"sceneViewState":{"m_AlwaysRefresh":false,"showFog":true,"showSkybox":true,"showFlares":true,"showImageEffects":true,"showParticleSystems":true,"showVisualEffectGraphs":true,"m_FxEnabled":true},"in2DMode":false,"pivot":{"x":-4.351226329803467,"y":1.2628846168518067,"z":0.4584539532661438},"rotation":{"x":0.028149839490652086,"y":-0.9618576765060425,"z":0.22649656236171723,"w":0.15857072174549104},"size":0.31995442509651186,"orthographic":false}