{"cameraMode":{"drawMode":0,"name":"Shaded","section":"Shading Mode"},"sceneLighting":false,"audioPlay":false,"sceneViewState":{"m_AlwaysRefresh":false,"showFog":true,"showSkybox":false,"showFlares":true,"showImageEffects":true,"showParticleSystems":true,"showVisualEffectGraphs":true,"m_FxEnabled":true},"in2DMode":false,"pivot":{"x":-4.544672966003418,"y":1.1893516778945923,"z":-1.153226613998413},"rotation":{"x":0.17102161049842835,"y":-0.6196963787078857,"z":0.15339766442775727,"w":0.7521348595619202},"size":0.26610928773880007,"orthographic":false}