{"cameraMode":{"drawMode":0,"name":"Shaded","section":"Shading Mode"},"sceneLighting":false,"audioPlay":false,"sceneViewState":{"m_AlwaysRefresh":false,"showFog":true,"showSkybox":false,"showFlares":true,"showImageEffects":true,"showParticleSystems":true,"showVisualEffectGraphs":true,"m_FxEnabled":true},"in2DMode":false,"pivot":{"x":-0.0016764476895332337,"y":0.007654735818505287,"z":0.002943068742752075},"rotation":{"x":0.16012845933437348,"y":-0.010747702792286873,"z":0.007730670738965273,"w":0.987605094909668},"size":0.10946125537157059,"orthographic":false}