{"cameraMode":{"drawMode":0,"name":"Shaded","section":"Shading Mode"},"sceneLighting":false,"audioPlay":false,"sceneViewState":{"m_AlwaysRefresh":false,"showFog":true,"showSkybox":false,"showFlares":true,"showImageEffects":true,"showParticleSystems":true,"showVisualEffectGraphs":true,"m_FxEnabled":true},"in2DMode":false,"pivot":{"x":-4.3553242683410648,"y":1.3081700801849366,"z":0.6727474927902222},"rotation":{"x":0.18070358037948609,"y":-0.8089545965194702,"z":0.36036404967308047,"w":0.4306945204734802},"size":0.4713333547115326,"orthographic":false}