{"cameraMode":{"drawMode":0,"name":"Shaded","section":"Shading Mode"},"sceneLighting":false,"audioPlay":false,"sceneViewState":{"m_AlwaysRefresh":false,"showFog":true,"showSkybox":false,"showFlares":true,"showImageEffects":true,"showParticleSystems":true,"showVisualEffectGraphs":true,"m_FxEnabled":true},"in2DMode":false,"pivot":{"x":-4.691925048828125,"y":1.1578432321548463,"z":-1.1894497871398926},"rotation":{"x":0.09473969787359238,"y":-0.6125496625900269,"z":0.08602786064147949,"w":0.7816221117973328},"size":0.2554837763309479,"orthographic":false}