{"cameraMode":{"drawMode":0,"name":"Shaded","section":"Shading Mode"},"sceneLighting":false,"audioPlay":false,"sceneViewState":{"m_AlwaysRefresh":false,"showFog":true,"showSkybox":false,"showFlares":true,"showImageEffects":true,"showParticleSystems":true,"showVisualEffectGraphs":true,"m_FxEnabled":true},"in2DMode":false,"pivot":{"x":-0.10403658449649811,"y":0.3227222263813019,"z":-0.12068365514278412},"rotation":{"x":0.01907370425760746,"y":-0.9759690761566162,"z":0.16071084141731263,"w":0.15174269676208497},"size":0.8029444813728333,"orthographic":false}